2023-07-24 , tbo_reco ,  Recon yet to be Done,Files Missing -
2023-07-23 , tbo_reco ,  Recon yet to be Done,Files Missing -
2023-07-22 , tbo_reco ,  Recon yet to be Done,Files Missing -
2023-07-21 , tbo_reco ,  Recon yet to be Done,Files Missing -
2023-07-20 , tbo_reco ,  Recon yet to be Done,Files Missing -
2023-07-19 , tbo_reco ,  Recon yet to be Done,Files Missing -
2023-07-18 , tbo_reco ,  Recon yet to be Done,Files Missing -
2023-07-17 , tbo_reco ,  Recon yet to be Done,Files Missing -
2023-07-16 , tbo_reco ,  Recon yet to be Done,Files Missing -
2023-07-15 , tbo_reco ,  Recon yet to be Done,Files Missing -
2023-07-14 , tbo_reco ,  Recon yet to be Done,Files Missing -
2023-07-13 , tbo_reco ,  Recon yet to be Done,Files Missing -
2023-07-12 , tbo_reco ,  Recon yet to be Done
2023-07-11 , tbo_reco ,  Recon yet to be Done
2023-07-10 , tbo_reco ,  Recon yet to be Done
2023-07-09 , tbo_reco ,  Recon Done,_